{"cameraMode":{"drawMode":0,"name":"Shaded","section":"Shading Mode"},"sceneLighting":true,"audioPlay":false,"sceneViewState":{"m_AlwaysRefresh":false,"showFog":true,"showSkybox":true,"showFlares":true,"showImageEffects":true,"showParticleSystems":true,"showVisualEffectGraphs":true,"m_FxEnabled":true},"in2DMode":false,"pivot":{"x":415.00006103515627,"y":187.19833374023438,"z":40.75984191894531},"rotation":{"x":0.00023953714116942137,"y":-0.9977967143058777,"z":0.06626062840223313,"w":0.003598613664507866},"size":461.1044921875,"orthographic":false}